#,Time,%Passes,Change,Test,Pass,Partial,Fail,Untested
0,Tue Oct 29 11:13:50 EDT 2019,48,48,Assignment4Suite,ContainsTest2+ EmptyTest0+ EmptyTest2+ FindMinMaxTest0+ FindMinMaxTest2+ HeightTest+ InsertTest5+ RemoveTest0+ RemoveTest1+ RemoveTest2+ RemoveTest3+ SizeTest0+ SizeTest1+ SizeTest2+ SizeTest3+ , ,ContainsTest0- ContainsTest1- EmptyTest1- FindMinMaxTest1- InsertAfterRemoveTest0- InsertAfterRemoveTest1- InsertAfterRemoveTest2- InsertTest0- InsertTest1- InsertTest2- InsertTest3- InsertTest4- RemoveTest4- RemoveTest5- RemoveTest6- RemoveTest7- , ,
1,Tue Oct 29 11:16:30 EDT 2019,12,-36,Assignment4Suite,EmptyTest0 FindMinMaxTest0 SizeTest0 SizeTest3 , ,ContainsTest0 ContainsTest1 ContainsTest2- EmptyTest1 EmptyTest2- FindMinMaxTest1 FindMinMaxTest2- HeightTest- InsertAfterRemoveTest0 InsertAfterRemoveTest1 InsertAfterRemoveTest2 InsertTest0 InsertTest1 InsertTest2 InsertTest3 InsertTest4 InsertTest5- RemoveTest0- RemoveTest1- RemoveTest2- RemoveTest3- RemoveTest4 RemoveTest5 RemoveTest6 RemoveTest7 SizeTest1- SizeTest2- , ,
2,Tue Oct 29 11:16:46 EDT 2019,100,88,Assignment4Suite,ContainsTest0+ ContainsTest1+ ContainsTest2+ EmptyTest0 EmptyTest1+ EmptyTest2+ FindMinMaxTest0 FindMinMaxTest1+ FindMinMaxTest2+ HeightTest+ InsertAfterRemoveTest0+ InsertAfterRemoveTest1+ InsertAfterRemoveTest2+ InsertTest0+ InsertTest1+ InsertTest2+ InsertTest3+ InsertTest4+ InsertTest5+ RemoveTest0+ RemoveTest1+ RemoveTest2+ RemoveTest3+ RemoveTest4+ RemoveTest5+ RemoveTest6+ RemoveTest7+ SizeTest0 SizeTest1+ SizeTest2+ SizeTest3 , , , ,
3,Tue Oct 29 11:17:13 EDT 2019,16,-84,Assignment4Suite,EmptyTest0 FindMinMaxTest0 InsertAfterRemoveTest0 SizeTest0 SizeTest3 , ,ContainsTest0- ContainsTest1- ContainsTest2- EmptyTest1- EmptyTest2- FindMinMaxTest1- FindMinMaxTest2- HeightTest- InsertAfterRemoveTest1- InsertAfterRemoveTest2- InsertTest0- InsertTest1- InsertTest2- InsertTest3- InsertTest4- InsertTest5- RemoveTest0- RemoveTest1- RemoveTest2- RemoveTest3- RemoveTest4- RemoveTest5- RemoveTest6- RemoveTest7- SizeTest1- SizeTest2- , ,
4,Tue Oct 29 11:17:33 EDT 2019,48,32,Assignment4Suite,ContainsTest2+ EmptyTest0 EmptyTest2+ FindMinMaxTest0 FindMinMaxTest2+ HeightTest+ InsertTest5+ RemoveTest0+ RemoveTest1+ RemoveTest2+ RemoveTest3+ SizeTest0 SizeTest1+ SizeTest2+ SizeTest3 , ,ContainsTest0 ContainsTest1 EmptyTest1 FindMinMaxTest1 InsertAfterRemoveTest0- InsertAfterRemoveTest1 InsertAfterRemoveTest2 InsertTest0 InsertTest1 InsertTest2 InsertTest3 InsertTest4 RemoveTest4 RemoveTest5 RemoveTest6 RemoveTest7 , ,
5,Tue Oct 29 11:19:39 EDT 2019,54,6,Assignment4Suite,ContainsTest2 EmptyTest0 EmptyTest1+ EmptyTest2 FindMinMaxTest0 FindMinMaxTest2 HeightTest InsertAfterRemoveTest0+ InsertTest5 RemoveTest0 RemoveTest1 RemoveTest2 RemoveTest3 SizeTest0 SizeTest1 SizeTest2 SizeTest3 , ,ContainsTest0 ContainsTest1 FindMinMaxTest1 InsertAfterRemoveTest1 InsertAfterRemoveTest2 InsertTest0 InsertTest1 InsertTest2 InsertTest3 InsertTest4 RemoveTest4 RemoveTest5 RemoveTest6 RemoveTest7 , ,
6,Tue Oct 29 11:22:03 EDT 2019,48,-6,Assignment4Suite,ContainsTest2 EmptyTest0 EmptyTest2 FindMinMaxTest0 FindMinMaxTest2 HeightTest InsertTest5 RemoveTest0 RemoveTest1 RemoveTest2 RemoveTest3 SizeTest0 SizeTest1 SizeTest2 SizeTest3 , ,ContainsTest0 ContainsTest1 EmptyTest1- FindMinMaxTest1 InsertAfterRemoveTest0- InsertAfterRemoveTest1 InsertAfterRemoveTest2 InsertTest0 InsertTest1 InsertTest2 InsertTest3 InsertTest4 RemoveTest4 RemoveTest5 RemoveTest6 RemoveTest7 , ,
7,Tue Oct 29 11:22:14 EDT 2019,54,6,Assignment4Suite,ContainsTest2 EmptyTest0 EmptyTest1+ EmptyTest2 FindMinMaxTest0 FindMinMaxTest2 HeightTest InsertAfterRemoveTest0+ InsertTest5 RemoveTest0 RemoveTest1 RemoveTest2 RemoveTest3 SizeTest0 SizeTest1 SizeTest2 SizeTest3 , ,ContainsTest0 ContainsTest1 FindMinMaxTest1 InsertAfterRemoveTest1 InsertAfterRemoveTest2 InsertTest0 InsertTest1 InsertTest2 InsertTest3 InsertTest4 RemoveTest4 RemoveTest5 RemoveTest6 RemoveTest7 , ,
8,Tue Oct 29 11:24:30 EDT 2019,54,0,Assignment4Suite,ContainsTest2 EmptyTest0 EmptyTest1 EmptyTest2 FindMinMaxTest0 FindMinMaxTest2 HeightTest InsertAfterRemoveTest0 InsertTest5 RemoveTest0 RemoveTest1 RemoveTest2 RemoveTest3 SizeTest0 SizeTest1 SizeTest2 SizeTest3 , ,ContainsTest0 ContainsTest1 FindMinMaxTest1 InsertAfterRemoveTest1 InsertAfterRemoveTest2 InsertTest0 InsertTest1 InsertTest2 InsertTest3 InsertTest4 RemoveTest4 RemoveTest5 RemoveTest6 RemoveTest7 , ,
9,Tue Oct 29 11:25:32 EDT 2019,16,-38,Assignment4Suite,EmptyTest0 FindMinMaxTest0 InsertAfterRemoveTest0 SizeTest0 SizeTest3 , ,ContainsTest0 ContainsTest1 ContainsTest2- EmptyTest1- EmptyTest2- FindMinMaxTest1 FindMinMaxTest2- HeightTest- InsertAfterRemoveTest1 InsertAfterRemoveTest2 InsertTest0 InsertTest1 InsertTest2 InsertTest3 InsertTest4 InsertTest5- RemoveTest0- RemoveTest1- RemoveTest2- RemoveTest3- RemoveTest4 RemoveTest5 RemoveTest6 RemoveTest7 SizeTest1- SizeTest2- , ,
10,Tue Oct 29 11:27:23 EDT 2019,54,38,Assignment4Suite,ContainsTest2+ EmptyTest0 EmptyTest1+ EmptyTest2+ FindMinMaxTest0 FindMinMaxTest2+ HeightTest+ InsertAfterRemoveTest0 InsertTest5+ RemoveTest0+ RemoveTest1+ RemoveTest2+ RemoveTest3+ SizeTest0 SizeTest1+ SizeTest2+ SizeTest3 , ,ContainsTest0 ContainsTest1 FindMinMaxTest1 InsertAfterRemoveTest1 InsertAfterRemoveTest2 InsertTest0 InsertTest1 InsertTest2 InsertTest3 InsertTest4 RemoveTest4 RemoveTest5 RemoveTest6 RemoveTest7 , ,
11,Tue Oct 29 11:29:25 EDT 2019,54,0,Assignment4Suite,ContainsTest2 EmptyTest0 EmptyTest1 EmptyTest2 FindMinMaxTest0 FindMinMaxTest2 HeightTest InsertAfterRemoveTest0 InsertTest5 RemoveTest0 RemoveTest1 RemoveTest2 RemoveTest3 SizeTest0 SizeTest1 SizeTest2 SizeTest3 , ,ContainsTest0 ContainsTest1 FindMinMaxTest1 InsertAfterRemoveTest1 InsertAfterRemoveTest2 InsertTest0 InsertTest1 InsertTest2 InsertTest3 InsertTest4 RemoveTest4 RemoveTest5 RemoveTest6 RemoveTest7 , ,
12,Tue Oct 29 11:32:59 EDT 2019,54,0,Assignment4Suite,ContainsTest2 EmptyTest0 EmptyTest1 EmptyTest2 FindMinMaxTest0 FindMinMaxTest2 HeightTest InsertAfterRemoveTest0 InsertTest5 RemoveTest0 RemoveTest1 RemoveTest2 RemoveTest3 SizeTest0 SizeTest1 SizeTest2 SizeTest3 , ,ContainsTest0 ContainsTest1 FindMinMaxTest1 InsertAfterRemoveTest1 InsertAfterRemoveTest2 InsertTest0 InsertTest1 InsertTest2 InsertTest3 InsertTest4 RemoveTest4 RemoveTest5 RemoveTest6 RemoveTest7 , ,
13,Tue Oct 29 11:34:40 EDT 2019,54,0,Assignment4Suite,ContainsTest2 EmptyTest0 EmptyTest1 EmptyTest2 FindMinMaxTest0 FindMinMaxTest2 HeightTest InsertAfterRemoveTest0 InsertTest5 RemoveTest0 RemoveTest1 RemoveTest2 RemoveTest3 SizeTest0 SizeTest1 SizeTest2 SizeTest3 , ,ContainsTest0 ContainsTest1 FindMinMaxTest1 InsertAfterRemoveTest1 InsertAfterRemoveTest2 InsertTest0 InsertTest1 InsertTest2 InsertTest3 InsertTest4 RemoveTest4 RemoveTest5 RemoveTest6 RemoveTest7 , ,
14,Tue Oct 29 11:35:10 EDT 2019,54,0,Assignment4Suite,ContainsTest2 EmptyTest0 EmptyTest1 EmptyTest2 FindMinMaxTest0 FindMinMaxTest2 HeightTest InsertAfterRemoveTest0 InsertTest5 RemoveTest0 RemoveTest1 RemoveTest2 RemoveTest3 SizeTest0 SizeTest1 SizeTest2 SizeTest3 , ,ContainsTest0 ContainsTest1 FindMinMaxTest1 InsertAfterRemoveTest1 InsertAfterRemoveTest2 InsertTest0 InsertTest1 InsertTest2 InsertTest3 InsertTest4 RemoveTest4 RemoveTest5 RemoveTest6 RemoveTest7 , ,
15,Tue Oct 29 11:37:04 EDT 2019,54,0,Assignment4Suite,ContainsTest2 EmptyTest0 EmptyTest1 EmptyTest2 FindMinMaxTest0 FindMinMaxTest2 HeightTest InsertAfterRemoveTest0 InsertTest5 RemoveTest0 RemoveTest1 RemoveTest2 RemoveTest3 SizeTest0 SizeTest1 SizeTest2 SizeTest3 , ,ContainsTest0 ContainsTest1 FindMinMaxTest1 InsertAfterRemoveTest1 InsertAfterRemoveTest2 InsertTest0 InsertTest1 InsertTest2 InsertTest3 InsertTest4 RemoveTest4 RemoveTest5 RemoveTest6 RemoveTest7 , ,
16,Tue Oct 29 11:39:21 EDT 2019,54,0,Assignment4Suite,ContainsTest2 EmptyTest0 EmptyTest1 EmptyTest2 FindMinMaxTest0 FindMinMaxTest2 HeightTest InsertAfterRemoveTest0 InsertTest5 RemoveTest0 RemoveTest1 RemoveTest2 RemoveTest3 SizeTest0 SizeTest1 SizeTest2 SizeTest3 , ,ContainsTest0 ContainsTest1 FindMinMaxTest1 InsertAfterRemoveTest1 InsertAfterRemoveTest2 InsertTest0 InsertTest1 InsertTest2 InsertTest3 InsertTest4 RemoveTest4 RemoveTest5 RemoveTest6 RemoveTest7 , ,
17,Tue Oct 29 11:39:56 EDT 2019,54,0,Assignment4Suite,ContainsTest2 EmptyTest0 EmptyTest1 EmptyTest2 FindMinMaxTest0 FindMinMaxTest2 HeightTest InsertAfterRemoveTest0 InsertTest5 RemoveTest0 RemoveTest1 RemoveTest2 RemoveTest3 SizeTest0 SizeTest1 SizeTest2 SizeTest3 , ,ContainsTest0 ContainsTest1 FindMinMaxTest1 InsertAfterRemoveTest1 InsertAfterRemoveTest2 InsertTest0 InsertTest1 InsertTest2 InsertTest3 InsertTest4 RemoveTest4 RemoveTest5 RemoveTest6 RemoveTest7 , ,
18,Tue Oct 29 11:40:38 EDT 2019,54,0,Assignment4Suite,ContainsTest2 EmptyTest0 EmptyTest1 EmptyTest2 FindMinMaxTest0 FindMinMaxTest2 HeightTest InsertAfterRemoveTest0 InsertTest5 RemoveTest0 RemoveTest1 RemoveTest2 RemoveTest3 SizeTest0 SizeTest1 SizeTest2 SizeTest3 , ,ContainsTest0 ContainsTest1 FindMinMaxTest1 InsertAfterRemoveTest1 InsertAfterRemoveTest2 InsertTest0 InsertTest1 InsertTest2 InsertTest3 InsertTest4 RemoveTest4 RemoveTest5 RemoveTest6 RemoveTest7 , ,
19,Tue Oct 29 11:46:21 EDT 2019,54,0,Assignment4Suite,ContainsTest2 EmptyTest0 EmptyTest1 EmptyTest2 FindMinMaxTest0 FindMinMaxTest2 HeightTest InsertAfterRemoveTest0 InsertTest5 RemoveTest0 RemoveTest1 RemoveTest2 RemoveTest3 SizeTest0 SizeTest1 SizeTest2 SizeTest3 , ,ContainsTest0 ContainsTest1 FindMinMaxTest1 InsertAfterRemoveTest1 InsertAfterRemoveTest2 InsertTest0 InsertTest1 InsertTest2 InsertTest3 InsertTest4 RemoveTest4 RemoveTest5 RemoveTest6 RemoveTest7 , ,
20,Tue Oct 29 11:47:53 EDT 2019,16,-38,Assignment4Suite,EmptyTest0 FindMinMaxTest0 InsertAfterRemoveTest0 SizeTest0 SizeTest3 , ,ContainsTest0 ContainsTest1 ContainsTest2- EmptyTest1- EmptyTest2- FindMinMaxTest1 FindMinMaxTest2- HeightTest- InsertAfterRemoveTest1 InsertAfterRemoveTest2 InsertTest0 InsertTest1 InsertTest2 InsertTest3 InsertTest4 InsertTest5- RemoveTest0- RemoveTest1- RemoveTest2- RemoveTest3- RemoveTest4 RemoveTest5 RemoveTest6 RemoveTest7 SizeTest1- SizeTest2- , ,
21,Tue Oct 29 11:48:43 EDT 2019,16,0,Assignment4Suite,EmptyTest0 FindMinMaxTest0 InsertAfterRemoveTest0 SizeTest0 SizeTest3 , ,ContainsTest0 ContainsTest1 ContainsTest2 EmptyTest1 EmptyTest2 FindMinMaxTest1 FindMinMaxTest2 HeightTest InsertAfterRemoveTest1 InsertAfterRemoveTest2 InsertTest0 InsertTest1 InsertTest2 InsertTest3 InsertTest4 InsertTest5 RemoveTest0 RemoveTest1 RemoveTest2 RemoveTest3 RemoveTest4 RemoveTest5 RemoveTest6 RemoveTest7 SizeTest1 SizeTest2 , ,
22,Tue Oct 29 11:49:13 EDT 2019,100,84,Assignment4Suite,ContainsTest0+ ContainsTest1+ ContainsTest2+ EmptyTest0 EmptyTest1+ EmptyTest2+ FindMinMaxTest0 FindMinMaxTest1+ FindMinMaxTest2+ HeightTest+ InsertAfterRemoveTest0 InsertAfterRemoveTest1+ InsertAfterRemoveTest2+ InsertTest0+ InsertTest1+ InsertTest2+ InsertTest3+ InsertTest4+ InsertTest5+ RemoveTest0+ RemoveTest1+ RemoveTest2+ RemoveTest3+ RemoveTest4+ RemoveTest5+ RemoveTest6+ RemoveTest7+ SizeTest0 SizeTest1+ SizeTest2+ SizeTest3 , , , ,
23,Tue Oct 29 11:49:36 EDT 2019,16,-84,Assignment4Suite,EmptyTest0 FindMinMaxTest0 InsertAfterRemoveTest0 SizeTest0 SizeTest3 , ,ContainsTest0- ContainsTest1- ContainsTest2- EmptyTest1- EmptyTest2- FindMinMaxTest1- FindMinMaxTest2- HeightTest- InsertAfterRemoveTest1- InsertAfterRemoveTest2- InsertTest0- InsertTest1- InsertTest2- InsertTest3- InsertTest4- InsertTest5- RemoveTest0- RemoveTest1- RemoveTest2- RemoveTest3- RemoveTest4- RemoveTest5- RemoveTest6- RemoveTest7- SizeTest1- SizeTest2- , ,
24,Tue Oct 29 11:50:16 EDT 2019,100,84,Assignment4Suite,ContainsTest0+ ContainsTest1+ ContainsTest2+ EmptyTest0 EmptyTest1+ EmptyTest2+ FindMinMaxTest0 FindMinMaxTest1+ FindMinMaxTest2+ HeightTest+ InsertAfterRemoveTest0 InsertAfterRemoveTest1+ InsertAfterRemoveTest2+ InsertTest0+ InsertTest1+ InsertTest2+ InsertTest3+ InsertTest4+ InsertTest5+ RemoveTest0+ RemoveTest1+ RemoveTest2+ RemoveTest3+ RemoveTest4+ RemoveTest5+ RemoveTest6+ RemoveTest7+ SizeTest0 SizeTest1+ SizeTest2+ SizeTest3 , , , ,
25,Tue Oct 29 11:50:42 EDT 2019,100,0,Assignment4Suite,ContainsTest0 ContainsTest1 ContainsTest2 EmptyTest0 EmptyTest1 EmptyTest2 FindMinMaxTest0 FindMinMaxTest1 FindMinMaxTest2 HeightTest InsertAfterRemoveTest0 InsertAfterRemoveTest1 InsertAfterRemoveTest2 InsertTest0 InsertTest1 InsertTest2 InsertTest3 InsertTest4 InsertTest5 RemoveTest0 RemoveTest1 RemoveTest2 RemoveTest3 RemoveTest4 RemoveTest5 RemoveTest6 RemoveTest7 SizeTest0 SizeTest1 SizeTest2 SizeTest3 , , , ,
26,Tue Oct 29 11:51:37 EDT 2019,16,-84,Assignment4Suite,EmptyTest0 FindMinMaxTest0 InsertAfterRemoveTest0 SizeTest0 SizeTest3 , ,ContainsTest0- ContainsTest1- ContainsTest2- EmptyTest1- EmptyTest2- FindMinMaxTest1- FindMinMaxTest2- HeightTest- InsertAfterRemoveTest1- InsertAfterRemoveTest2- InsertTest0- InsertTest1- InsertTest2- InsertTest3- InsertTest4- InsertTest5- RemoveTest0- RemoveTest1- RemoveTest2- RemoveTest3- RemoveTest4- RemoveTest5- RemoveTest6- RemoveTest7- SizeTest1- SizeTest2- , ,
27,Tue Oct 29 11:52:19 EDT 2019,16,0,Assignment4Suite,EmptyTest0 FindMinMaxTest0 InsertAfterRemoveTest0 SizeTest0 SizeTest3 , ,ContainsTest0 ContainsTest1 ContainsTest2 EmptyTest1 EmptyTest2 FindMinMaxTest1 FindMinMaxTest2 HeightTest InsertAfterRemoveTest1 InsertAfterRemoveTest2 InsertTest0 InsertTest1 InsertTest2 InsertTest3 InsertTest4 InsertTest5 RemoveTest0 RemoveTest1 RemoveTest2 RemoveTest3 RemoveTest4 RemoveTest5 RemoveTest6 RemoveTest7 SizeTest1 SizeTest2 , ,
28,Tue Oct 29 11:52:25 EDT 2019,100,84,Assignment4Suite,ContainsTest0+ ContainsTest1+ ContainsTest2+ EmptyTest0 EmptyTest1+ EmptyTest2+ FindMinMaxTest0 FindMinMaxTest1+ FindMinMaxTest2+ HeightTest+ InsertAfterRemoveTest0 InsertAfterRemoveTest1+ InsertAfterRemoveTest2+ InsertTest0+ InsertTest1+ InsertTest2+ InsertTest3+ InsertTest4+ InsertTest5+ RemoveTest0+ RemoveTest1+ RemoveTest2+ RemoveTest3+ RemoveTest4+ RemoveTest5+ RemoveTest6+ RemoveTest7+ SizeTest0 SizeTest1+ SizeTest2+ SizeTest3 , , , ,
29,Tue Oct 29 11:53:28 EDT 2019,100,0,Assignment4Suite,ContainsTest0 ContainsTest1 ContainsTest2 EmptyTest0 EmptyTest1 EmptyTest2 FindMinMaxTest0 FindMinMaxTest1 FindMinMaxTest2 HeightTest InsertAfterRemoveTest0 InsertAfterRemoveTest1 InsertAfterRemoveTest2 InsertTest0 InsertTest1 InsertTest2 InsertTest3 InsertTest4 InsertTest5 RemoveTest0 RemoveTest1 RemoveTest2 RemoveTest3 RemoveTest4 RemoveTest5 RemoveTest6 RemoveTest7 SizeTest0 SizeTest1 SizeTest2 SizeTest3 , , , ,
30,Tue Oct 29 11:54:09 EDT 2019,16,-84,Assignment4Suite,EmptyTest0 FindMinMaxTest0 InsertAfterRemoveTest0 SizeTest0 SizeTest3 , ,ContainsTest0- ContainsTest1- ContainsTest2- EmptyTest1- EmptyTest2- FindMinMaxTest1- FindMinMaxTest2- HeightTest- InsertAfterRemoveTest1- InsertAfterRemoveTest2- InsertTest0- InsertTest1- InsertTest2- InsertTest3- InsertTest4- InsertTest5- RemoveTest0- RemoveTest1- RemoveTest2- RemoveTest3- RemoveTest4- RemoveTest5- RemoveTest6- RemoveTest7- SizeTest1- SizeTest2- , ,
31,Tue Oct 29 11:55:36 EDT 2019,16,0,Assignment4Suite,EmptyTest0 FindMinMaxTest0 InsertAfterRemoveTest0 SizeTest0 SizeTest3 , ,ContainsTest0 ContainsTest1 ContainsTest2 EmptyTest1 EmptyTest2 FindMinMaxTest1 FindMinMaxTest2 HeightTest InsertAfterRemoveTest1 InsertAfterRemoveTest2 InsertTest0 InsertTest1 InsertTest2 InsertTest3 InsertTest4 InsertTest5 RemoveTest0 RemoveTest1 RemoveTest2 RemoveTest3 RemoveTest4 RemoveTest5 RemoveTest6 RemoveTest7 SizeTest1 SizeTest2 , ,
32,Tue Oct 29 11:55:48 EDT 2019,16,0,Assignment4Suite,EmptyTest0 FindMinMaxTest0 InsertAfterRemoveTest0 SizeTest0 SizeTest3 , ,ContainsTest0 ContainsTest1 ContainsTest2 EmptyTest1 EmptyTest2 FindMinMaxTest1 FindMinMaxTest2 HeightTest InsertAfterRemoveTest1 InsertAfterRemoveTest2 InsertTest0 InsertTest1 InsertTest2 InsertTest3 InsertTest4 InsertTest5 RemoveTest0 RemoveTest1 RemoveTest2 RemoveTest3 RemoveTest4 RemoveTest5 RemoveTest6 RemoveTest7 SizeTest1 SizeTest2 , ,
33,Tue Oct 29 11:56:19 EDT 2019,100,84,Assignment4Suite,ContainsTest0+ ContainsTest1+ ContainsTest2+ EmptyTest0 EmptyTest1+ EmptyTest2+ FindMinMaxTest0 FindMinMaxTest1+ FindMinMaxTest2+ HeightTest+ InsertAfterRemoveTest0 InsertAfterRemoveTest1+ InsertAfterRemoveTest2+ InsertTest0+ InsertTest1+ InsertTest2+ InsertTest3+ InsertTest4+ InsertTest5+ RemoveTest0+ RemoveTest1+ RemoveTest2+ RemoveTest3+ RemoveTest4+ RemoveTest5+ RemoveTest6+ RemoveTest7+ SizeTest0 SizeTest1+ SizeTest2+ SizeTest3 , , , ,
34,Tue Oct 29 11:56:54 EDT 2019,100,0,Assignment4Suite,ContainsTest0 ContainsTest1 ContainsTest2 EmptyTest0 EmptyTest1 EmptyTest2 FindMinMaxTest0 FindMinMaxTest1 FindMinMaxTest2 HeightTest InsertAfterRemoveTest0 InsertAfterRemoveTest1 InsertAfterRemoveTest2 InsertTest0 InsertTest1 InsertTest2 InsertTest3 InsertTest4 InsertTest5 RemoveTest0 RemoveTest1 RemoveTest2 RemoveTest3 RemoveTest4 RemoveTest5 RemoveTest6 RemoveTest7 SizeTest0 SizeTest1 SizeTest2 SizeTest3 , , , ,
35,Tue Oct 29 11:58:19 EDT 2019,16,-84,Assignment4Suite,EmptyTest0 FindMinMaxTest0 InsertAfterRemoveTest0 SizeTest0 SizeTest3 , ,ContainsTest0- ContainsTest1- ContainsTest2- EmptyTest1- EmptyTest2- FindMinMaxTest1- FindMinMaxTest2- HeightTest- InsertAfterRemoveTest1- InsertAfterRemoveTest2- InsertTest0- InsertTest1- InsertTest2- InsertTest3- InsertTest4- InsertTest5- RemoveTest0- RemoveTest1- RemoveTest2- RemoveTest3- RemoveTest4- RemoveTest5- RemoveTest6- RemoveTest7- SizeTest1- SizeTest2- , ,
36,Tue Oct 29 11:59:44 EDT 2019,16,0,Assignment4Suite,EmptyTest0 FindMinMaxTest0 InsertAfterRemoveTest0 SizeTest0 SizeTest3 , ,ContainsTest0 ContainsTest1 ContainsTest2 EmptyTest1 EmptyTest2 FindMinMaxTest1 FindMinMaxTest2 HeightTest InsertAfterRemoveTest1 InsertAfterRemoveTest2 InsertTest0 InsertTest1 InsertTest2 InsertTest3 InsertTest4 InsertTest5 RemoveTest0 RemoveTest1 RemoveTest2 RemoveTest3 RemoveTest4 RemoveTest5 RemoveTest6 RemoveTest7 SizeTest1 SizeTest2 , ,
37,Tue Oct 29 12:00:15 EDT 2019,100,84,Assignment4Suite,ContainsTest0+ ContainsTest1+ ContainsTest2+ EmptyTest0 EmptyTest1+ EmptyTest2+ FindMinMaxTest0 FindMinMaxTest1+ FindMinMaxTest2+ HeightTest+ InsertAfterRemoveTest0 InsertAfterRemoveTest1+ InsertAfterRemoveTest2+ InsertTest0+ InsertTest1+ InsertTest2+ InsertTest3+ InsertTest4+ InsertTest5+ RemoveTest0+ RemoveTest1+ RemoveTest2+ RemoveTest3+ RemoveTest4+ RemoveTest5+ RemoveTest6+ RemoveTest7+ SizeTest0 SizeTest1+ SizeTest2+ SizeTest3 , , , ,
38,Tue Oct 29 12:01:18 EDT 2019,100,0,Assignment4Suite,ContainsTest0 ContainsTest1 ContainsTest2 EmptyTest0 EmptyTest1 EmptyTest2 FindMinMaxTest0 FindMinMaxTest1 FindMinMaxTest2 HeightTest InsertAfterRemoveTest0 InsertAfterRemoveTest1 InsertAfterRemoveTest2 InsertTest0 InsertTest1 InsertTest2 InsertTest3 InsertTest4 InsertTest5 RemoveTest0 RemoveTest1 RemoveTest2 RemoveTest3 RemoveTest4 RemoveTest5 RemoveTest6 RemoveTest7 SizeTest0 SizeTest1 SizeTest2 SizeTest3 , , , ,
39,Tue Oct 29 12:05:15 EDT 2019,100,0,Assignment4Suite,ContainsTest0 ContainsTest1 ContainsTest2 EmptyTest0 EmptyTest1 EmptyTest2 FindMinMaxTest0 FindMinMaxTest1 FindMinMaxTest2 HeightTest InsertAfterRemoveTest0 InsertAfterRemoveTest1 InsertAfterRemoveTest2 InsertTest0 InsertTest1 InsertTest2 InsertTest3 InsertTest4 InsertTest5 RemoveTest0 RemoveTest1 RemoveTest2 RemoveTest3 RemoveTest4 RemoveTest5 RemoveTest6 RemoveTest7 SizeTest0 SizeTest1 SizeTest2 SizeTest3 , , , ,
40,Tue Oct 29 12:07:01 EDT 2019,93,-7,Assignment4Suite,ContainsTest0 ContainsTest1 ContainsTest2 EmptyTest0 EmptyTest2 FindMinMaxTest0 FindMinMaxTest1 FindMinMaxTest2 HeightTest InsertAfterRemoveTest1 InsertAfterRemoveTest2 InsertTest0 InsertTest1 InsertTest2 InsertTest3 InsertTest4 InsertTest5 RemoveTest0 RemoveTest1 RemoveTest2 RemoveTest3 RemoveTest4 RemoveTest5 RemoveTest6 RemoveTest7 SizeTest0 SizeTest1 SizeTest2 SizeTest3 , ,EmptyTest1- InsertAfterRemoveTest0- , ,
41,Tue Oct 29 12:07:12 EDT 2019,100,7,Assignment4Suite,ContainsTest0 ContainsTest1 ContainsTest2 EmptyTest0 EmptyTest1+ EmptyTest2 FindMinMaxTest0 FindMinMaxTest1 FindMinMaxTest2 HeightTest InsertAfterRemoveTest0+ InsertAfterRemoveTest1 InsertAfterRemoveTest2 InsertTest0 InsertTest1 InsertTest2 InsertTest3 InsertTest4 InsertTest5 RemoveTest0 RemoveTest1 RemoveTest2 RemoveTest3 RemoveTest4 RemoveTest5 RemoveTest6 RemoveTest7 SizeTest0 SizeTest1 SizeTest2 SizeTest3 , , , ,
42,Tue Oct 29 12:08:00 EDT 2019,100,0,Assignment4Suite,ContainsTest0 ContainsTest1 ContainsTest2 EmptyTest0 EmptyTest1 EmptyTest2 FindMinMaxTest0 FindMinMaxTest1 FindMinMaxTest2 HeightTest InsertAfterRemoveTest0 InsertAfterRemoveTest1 InsertAfterRemoveTest2 InsertTest0 InsertTest1 InsertTest2 InsertTest3 InsertTest4 InsertTest5 RemoveTest0 RemoveTest1 RemoveTest2 RemoveTest3 RemoveTest4 RemoveTest5 RemoveTest6 RemoveTest7 SizeTest0 SizeTest1 SizeTest2 SizeTest3 , , , ,
43,Tue Oct 29 12:09:03 EDT 2019,100,0,Assignment4Suite,ContainsTest0 ContainsTest1 ContainsTest2 EmptyTest0 EmptyTest1 EmptyTest2 FindMinMaxTest0 FindMinMaxTest1 FindMinMaxTest2 HeightTest InsertAfterRemoveTest0 InsertAfterRemoveTest1 InsertAfterRemoveTest2 InsertTest0 InsertTest1 InsertTest2 InsertTest3 InsertTest4 InsertTest5 RemoveTest0 RemoveTest1 RemoveTest2 RemoveTest3 RemoveTest4 RemoveTest5 RemoveTest6 RemoveTest7 SizeTest0 SizeTest1 SizeTest2 SizeTest3 , , , ,
44,Tue Oct 29 12:09:23 EDT 2019,100,0,Assignment4Suite,ContainsTest0 ContainsTest1 ContainsTest2 EmptyTest0 EmptyTest1 EmptyTest2 FindMinMaxTest0 FindMinMaxTest1 FindMinMaxTest2 HeightTest InsertAfterRemoveTest0 InsertAfterRemoveTest1 InsertAfterRemoveTest2 InsertTest0 InsertTest1 InsertTest2 InsertTest3 InsertTest4 InsertTest5 RemoveTest0 RemoveTest1 RemoveTest2 RemoveTest3 RemoveTest4 RemoveTest5 RemoveTest6 RemoveTest7 SizeTest0 SizeTest1 SizeTest2 SizeTest3 , , , ,
45,Thu Oct 31 11:41:04 EDT 2019,100,0,Assignment4Suite,ContainsTest0 ContainsTest1 ContainsTest2 EmptyTest0 EmptyTest1 EmptyTest2 FindMinMaxTest0 FindMinMaxTest1 FindMinMaxTest2 HeightTest InsertAfterRemoveTest0 InsertAfterRemoveTest1 InsertAfterRemoveTest2 InsertTest0 InsertTest1 InsertTest2 InsertTest3 InsertTest4 InsertTest5 RemoveTest0 RemoveTest1 RemoveTest2 RemoveTest3 RemoveTest4 RemoveTest5 RemoveTest6 RemoveTest7 SizeTest0 SizeTest1 SizeTest2 SizeTest3 , , , ,
46,Mon Nov 04 11:31:47 EST 2019,100,0,Assignment4Suite,ContainsTest0 ContainsTest1 ContainsTest2 EmptyTest0 EmptyTest1 EmptyTest2 FindMinMaxTest0 FindMinMaxTest1 FindMinMaxTest2 HeightTest InsertAfterRemoveTest0 InsertAfterRemoveTest1 InsertAfterRemoveTest2 InsertTest0 InsertTest1 InsertTest2 InsertTest3 InsertTest4 InsertTest5 RemoveTest0 RemoveTest1 RemoveTest2 RemoveTest3 RemoveTest4 RemoveTest5 RemoveTest6 RemoveTest7 SizeTest0 SizeTest1 SizeTest2 SizeTest3 , , , ,
47,Mon Nov 04 11:34:25 EST 2019,100,0,Assignment4Suite,ContainsTest0 ContainsTest1 ContainsTest2 EmptyTest0 EmptyTest1 EmptyTest2 FindMinMaxTest0 FindMinMaxTest1 FindMinMaxTest2 HeightTest InsertAfterRemoveTest0 InsertAfterRemoveTest1 InsertAfterRemoveTest2 InsertTest0 InsertTest1 InsertTest2 InsertTest3 InsertTest4 InsertTest5 RemoveTest0 RemoveTest1 RemoveTest2 RemoveTest3 RemoveTest4 RemoveTest5 RemoveTest6 RemoveTest7 SizeTest0 SizeTest1 SizeTest2 SizeTest3 , , , ,
48,Mon Nov 04 11:35:37 EST 2019,90,-10,Assignment4Suite,ContainsTest0 ContainsTest1 ContainsTest2 EmptyTest0 EmptyTest2 FindMinMaxTest0 FindMinMaxTest1 FindMinMaxTest2 HeightTest InsertAfterRemoveTest0 InsertAfterRemoveTest1 InsertAfterRemoveTest2 InsertTest0 InsertTest1 InsertTest2 InsertTest4 InsertTest5 RemoveTest0 RemoveTest1 RemoveTest2 RemoveTest3 RemoveTest5 RemoveTest6 RemoveTest7 SizeTest0 SizeTest1 SizeTest2 SizeTest3 , ,EmptyTest1- InsertTest3- RemoveTest4- , ,
49,Mon Nov 04 11:36:34 EST 2019,100,10,Assignment4Suite,ContainsTest0 ContainsTest1 ContainsTest2 EmptyTest0 EmptyTest1+ EmptyTest2 FindMinMaxTest0 FindMinMaxTest1 FindMinMaxTest2 HeightTest InsertAfterRemoveTest0 InsertAfterRemoveTest1 InsertAfterRemoveTest2 InsertTest0 InsertTest1 InsertTest2 InsertTest3+ InsertTest4 InsertTest5 RemoveTest0 RemoveTest1 RemoveTest2 RemoveTest3 RemoveTest4+ RemoveTest5 RemoveTest6 RemoveTest7 SizeTest0 SizeTest1 SizeTest2 SizeTest3 , , , ,
50,Mon Nov 04 11:37:12 EST 2019,100,0,Assignment4Suite,ContainsTest0 ContainsTest1 ContainsTest2 EmptyTest0 EmptyTest1 EmptyTest2 FindMinMaxTest0 FindMinMaxTest1 FindMinMaxTest2 HeightTest InsertAfterRemoveTest0 InsertAfterRemoveTest1 InsertAfterRemoveTest2 InsertTest0 InsertTest1 InsertTest2 InsertTest3 InsertTest4 InsertTest5 RemoveTest0 RemoveTest1 RemoveTest2 RemoveTest3 RemoveTest4 RemoveTest5 RemoveTest6 RemoveTest7 SizeTest0 SizeTest1 SizeTest2 SizeTest3 , , , ,
